filename,member_id,expression,pose,source
istockphoto-1008429706-612x612.jpg,,chill,,reference
istockphoto-1041195200-612x612.jpg,,cheese,,reference
istockphoto-1043730660-612x612.jpg,,cheese,,reference
istockphoto-1072528872-612x612.jpg,,cheese,,reference
istockphoto-1088909778-612x612.jpg,,cheese,,reference
istockphoto-1090837964-612x612.jpg,,cheese,,reference
istockphoto-1126634090-612x612.jpg,,hype,,reference
istockphoto-1127302482-612x612.jpg,,hype,,reference
istockphoto-1129342275-612x612.jpg,,,side,reference
istockphoto-1138676758-612x612.jpg,,cheese,,reference
istockphoto-114857535-612x612.jpg,,cheese,,reference
istockphoto-1153206642-612x612.jpg,,cheese,,reference
istockphoto-1155183414-612x612.jpg,,chill,,reference
istockphoto-1167547301-612x612.jpg,,hype,,reference
istockphoto-1171657150-612x612.jpg,,hype,,reference
istockphoto-1174454549-612x612.jpg,,cheese,,reference
istockphoto-1177054497-612x612.jpg,,chill,,reference
istockphoto-1182426409-612x612.jpg,,hype,,reference
istockphoto-1185449246-612x612.jpg,,chill,,reference
istockphoto-1218963787-612x612.jpg,,chill,,reference
istockphoto-1225572595-612x612.jpg,,hype,,reference
istockphoto-1254056903-612x612.jpg,,chill,,reference
istockphoto-1255751512-612x612.jpg,,chill,,reference
istockphoto-1262964459-612x612.jpg,,cheese,,reference
istockphoto-1278549548-612x612.jpg,,chill,,reference
istockphoto-1278744283-612x612.jpg,,,side,reference
istockphoto-1285124274-612x612.jpg,,,side,reference
istockphoto-1286272331-612x612.jpg,,,side,reference
istockphoto-1289220545-612x612.jpg,,cheese,,reference
istockphoto-1295120027-612x612.jpg,,,side,reference
istockphoto-1303539316-612x612.jpg,,chill,,reference
istockphoto-1310814041-612x612.jpg,,cheese,,reference
istockphoto-1313720249-612x612.jpg,,,side,reference
istockphoto-1316604492-612x612.jpg,,,side,reference
istockphoto-1317260530-612x612.jpg,,hype,,reference
istockphoto-1323098128-612x612.jpg,,,side,reference
istockphoto-1325013514-612x612.jpg,,,side,reference
istockphoto-1325359218-612x612.jpg,,,side,reference
istockphoto-1328818995-612x612.jpg,,chill,,reference
istockphoto-1334102192-612x612.jpg,,,side,reference
istockphoto-1343667765-612x612.jpg,,hype,,reference
istockphoto-134464936-612x612.jpg,,,side,reference
istockphoto-1346551650-612x612.jpg,,hype,,reference
istockphoto-1347495860-612x612.jpg,,,side,reference
istockphoto-1350512051-612x612.jpg,,chill,,reference
istockphoto-1351147752-612x612.jpg,,,side,reference
istockphoto-1352064517-612x612.jpg,,hype,,reference
istockphoto-1364246072-612x612.jpg,,,side,reference
istockphoto-1365997131-612x612.jpg,,,side,reference
istockphoto-1375264815-612x612.jpg,,,side,reference
istockphoto-1377471505-612x612.jpg,,,side,reference
istockphoto-1389361465-612x612.jpg,,,side,reference
istockphoto-1389683452-612x612.jpg,,hype,,reference
istockphoto-1390903523-612x612.jpg,,hype,,reference
istockphoto-1392578709-612x612.jpg,,cheese,,reference
istockphoto-1397444575-612x612.jpg,,cheese,,reference
istockphoto-1400618561-612x612.jpg,,chill,,reference
istockphoto-1411155355-612x612.jpg,,,side,reference
istockphoto-1411155612-612x612.jpg,,,side,reference
istockphoto-1411160666-612x612.jpg,,chill,,reference
istockphoto-1422684645-612x612.jpg,,cheese,,reference
istockphoto-1424275574-612x612.jpg,,cheese,,reference
istockphoto-1424309791-612x612.jpg,,chill,,reference
istockphoto-1433746920-612x612.jpg,,cheese,,reference
istockphoto-1448876539-612x612.jpg,,hype,,reference
istockphoto-1450574199-612x612.jpg,,cheese,,reference
istockphoto-1468574063-612x612.jpg,,hype,,reference
istockphoto-1468857930-612x612.jpg,,,side,reference
istockphoto-1476195033-612x612.jpg,,cheese,,reference
istockphoto-1483329842-612x612.jpg,,cheese,,reference
istockphoto-1496615764-612x612.jpg,,cheese,,reference
istockphoto-1496805665-612x612.jpg,,,side,reference
istockphoto-171374614-612x612.jpg,,,side,reference
istockphoto-171382647-612x612.jpg,,hype,,reference
istockphoto-184147789-612x612.jpg,,,side,reference
istockphoto-1861115468-612x612.jpg,,chill,,reference
istockphoto-1972543408-612x612.jpg,,cheese,,reference
istockphoto-2099403180-612x612.jpg,,cheese,,reference
istockphoto-2135643049-612x612.jpg,,cheese,,reference
istockphoto-2149680141-612x612.jpg,,hype,,reference
istockphoto-2153821250-612x612.jpg,,cheese,,reference
istockphoto-2154861420-612x612.jpg,,cheese,,reference
istockphoto-2191215207-612x612.jpg,,,side,reference
istockphoto-466807030-612x612.jpg,,,side,reference
istockphoto-475060896-612x612.jpg,,hype,,reference
istockphoto-478218337-612x612.jpg,,,side,reference
istockphoto-480374174-612x612.jpg,,chill,,reference
istockphoto-485559134-612x612.jpg,,hype,,reference
istockphoto-488027923-612x612.jpg,,cheese,,reference
istockphoto-492529287-612x612.jpg,,cheese,,reference
istockphoto-534880122-612x612.jpg,,,side,reference
istockphoto-57519936-612x612.jpg,,cheese,,reference
istockphoto-638756792-612x612.jpg,,,side,reference
istockphoto-79339027-612x612.jpg,,,side,reference
istockphoto-839214266-612x612.jpg,,chill,,reference
istockphoto-866657418-612x612.jpg,,cheese,,reference
istockphoto-913957438-612x612.jpg,,,side,reference
istockphoto-937244460-612x612.jpg,,chill,,reference
istockphoto-957256814-612x612.jpg,,chill,,reference
photo-1499996860823-5214fcc65f8f.avif,,chill,,reference
photo-1502823403499-6ccfcf4fb453.avif,,chill,,reference
photo-1506794778202-cad84cf45f1d.avif,,chill,,reference
photo-1506863530036-1efeddceb993.avif,,chill,,reference
photo-1521119989659-a83eee488004.avif,,chill,,reference
photo-1526510747491-58f928ec870f.avif,,chill,,reference
photo-1529626455594-4ff0802cfb7e.avif,,chill,,reference
photo-1531123414780-f74242c2b052.avif,,cheese,,reference
photo-1534528741775-53994a69daeb.avif,,chill,,reference
photo-1536896407451-6e3dd976edd1.avif,,chill,,reference
photo-1542327897-d73f4005b533.avif,,chill,,reference
photo-1557053910-d9eadeed1c58.avif,,chill,,reference
photo-1587397845856-e6cf49176c70.avif,,chill,,reference
photo-1589156191108-c762ff4b96ab.avif,,chill,,reference
photo-1596075780750-81249df16d19.avif,,chill,,reference
photo-1596479042555-9265a7fa7983.avif,,cheese,,reference
photo-1598966739654-5e9a252d8c32.avif,,cheese,,reference
photo-1611403119860-57c4937ef987.avif,,cheese,,reference
photo-1611695434369-a8f5d76ceb7b.avif,,cheese,,reference
photo-1614204424926-196a80bf0be8.avif,,chill,,reference
photo-1632765854612-9b02b6ec2b15.avif,,chill,,reference
photo-1634595705439-93ddc4909c9e.avif,,cheese,,reference
photo-1643327428314-2e8297960acf.avif,,cheese,,reference
photo-1685041552051-13de9e56228c.avif,,cheese,,reference
photo-1699013703317-21c7e1513e68.avif,,cheese,,reference
premium_photo-1661574727340-837b56dec3ab.avif,,cheese,,reference
premium_photo-1664369473013-56df7a859afa.avif,,cheese,,reference
premium_photo-1664369473447-64172945caa0.avif,,cheese,,reference
premium_photo-1695339147092-edc26293467c.avif,,cheese,,reference
premium_photo-1695339147350-d9433ebb552f.avif,,cheese,,reference
premium_photo-1705563088259-1aec4eaae59a.avif,,cheese,,reference
premium_photo-1761413375884-ff68277a0c9e.avif,,cheese,,reference
premium_photo-1761413376037-6640faa4698a.avif,,cheese,,reference
premium_photo-1763265288816-f4e04af4c780.avif,,hype,,reference
premium_photo-1763734966818-f1b029097015.avif,,cheese,,reference
ref_001.jpg,,cheese,,reference
ref_002.jpg,,cheese,,reference
ref_003.jpg,,cheese,,reference
ref_005.jpg,,hype,,reference
ref_006.jpg,,cheese,,reference
